Month,VaccinatedPct
1,51.175
2,52.7
3,53.7
4,54.22500000000001
5,54.5
7,1.55
8,5.075
9,14.35
10,32.25
11,43.474999999999994
12,47.949999999999996
