month,not_vaccinated,vaccinated
2,2.79158279886491,1.06835889166828
3,23.3893047470883,9.525911144526882
4,0.255294376640906,0.113540059255196
5,0.00165502631491841,0.0009654320170357381
