month,not_vaccinated,vaccinated
1,2.30164246913113,0.8806841616083281
2,23.813779591476496,9.75645893722091
3,0.235854385005357,0.103189577222214
4,0.00183891812768712,0.00061297270922904
