month,not_vaccinated,vaccinated
1,2.94741797505691,0.5021822704123851
2,23.422510354422602,4.4146119383615705
3,0.238376329866185,0.0485474385709399
4,0.00137918859576534,0.000551675438306136
