month,not_vaccinated,vaccinated
2,8.991626617656868,3.5733331652036804
3,18.5542635842196,7.72529505441359
4,0.0510168429138341,0.0246415029110074
