month,not_vaccinated,vaccinated
1,4.98026315443812,1.93554014016759
2,22.5970462771628,9.37159964335496
3,0.0482847359812704,0.0221195580501793
4,0.0011033508766122699,0.0
