month,not_vaccinated,vaccinated
1,13.628800189986501,5.3709019052768
2,14.8984943463776,6.333023869682701
3,0.0214365313170384,0.0114538329095941
