month,not_vaccinated,vaccinated
1,6.8416160832830295,1.17848381725777
2,20.843033626456897,4.02234443146694
3,0.0557454895278867,0.0136605346628186
