month,not_vaccinated,vaccinated
2,8.50788606903929,1.5055485413964098
3,19.1871666632515,3.70694370230963
4,0.0189145864562104,0.00441340350644909
