month,not_vaccinated,vaccinated
2,15.501869654330699,6.20666392405163
3,13.013025319800999,5.55668517669114
4,0.00441340350644909,0.0016840618643029401
